"RT @MaisVoce_Globo: Olha o #PensamentoDoDia aí, gente!!! #MaisVocÊ ",Negativo
"RT @MaisVoce_Globo: Olha o #PensamentoDoDia aí, gente!!! #MaisVocÊ ",Negativo
"RT @MaisVoce_Globo: Olha o #PensamentoDoDia aí, gente!!! #MaisVocÊ ",Negativo
"RT @MaisVoce_Globo: Olha o #PensamentoDoDia aí, gente!!! #MaisVocÊ ",Negativo
"RT @MaisVoce_Globo: Olha o #PensamentoDoDia aí, gente!!! #MaisVocÊ ",Negativo
RT @MaisVoce_Globo: Um brinde para #JogoDePanelas #MaisVocê ,Positivo
RT @SiteCTV: Qual a melhor atração matutina da Globo?  RT= #MaisVocê Fav= #Encontro ,Negativo
"RT @MaisVoce_Globo: Olha o #PensamentoDoDia aí, gente!!! #MaisVocÊ ",Negativo
"RT @MaisVoce_Globo: Olha o #PensamentoDoDia aí, gente!!! #MaisVocÊ ",Negativo
"RT @MaisVoce_Globo: Olha o #PensamentoDoDia aí, gente!!! #MaisVocÊ ",Negativo
"RT @MaisVoce_Globo: Olha o #PensamentoDoDia aí, gente!!! #MaisVocÊ ",Negativo
"RT @MaisVoce_Globo: Olha o #PensamentoDoDia aí, gente!!! #MaisVocÊ ",Negativo
"RT @fabiogaj: Começou a nova temporada do Jogo de Panelas no #MaisVocê, e dessa vez vai ser com pessoas de Salvador.  Dos 5 participantes,…",Neutro
RT @TVGloboInter: Pensamento poderoso do dia!  #MaisVocê ,Positivo
"RT @MaisVoce_Globo: Olha o #PensamentoDoDia aí, gente!!! #MaisVocÊ ",Negativo
"RT @MaisVoce_Globo: Olha o #PensamentoDoDia aí, gente!!! #MaisVocÊ ",Negativo
RT @Ludaragao1: Salvador bem representada! Já simpatizei com esse Tiago  #jogodepanelas #MaisVoce,Negativo
"RT @MaisVoce_Globo: Olha o #PensamentoDoDia aí, gente!!! #MaisVocÊ ",Negativo
RT @MaisVoce_Globo: Quem já tá ansioso para a disputa?! #MaisVocê #Jogodepanelas ,Negativo
RT @MaisVoce_Globo: O Tiago tb tá no #JogoDePanelas! #MaisVocê ,Positivo
RT @SiteCTV: Qual a melhor atração matutina da Globo?  RT= #MaisVocê Fav= #Encontro ,Negativo
"RT @MaisVoce_Globo: Olha o #PensamentoDoDia aí, gente!!! #MaisVocÊ ",Negativo
RT @MaisVoce_Globo: Uma amizade dessas  #MaisVocê #DiaDoAmigo ,Neutro
"RT @MaisVoce_Globo: Olha o #PensamentoDoDia aí, gente!!! #MaisVocÊ ",Negativo
"RT @MaisVoce_Globo: Olha o #PensamentoDoDia aí, gente!!! #MaisVocÊ ",Negativo
"RT @MaisVoce_Globo: Olha o #PensamentoDoDia aí, gente!!! #MaisVocÊ ",Negativo
RT @ANAMARIABRAGA: Mensagem para começar a quinta-feira! #MaisVocê ,Positivo
"Fabiula Nascimento, que faz sucesso com o restaurante da sua personagem Cacau em Segundo Sol, mandou um recadinho pra lá de especial para os participantes. Confira a seguir!  Assista #MaisVocê pelo #GloboPlay ",Negativo
"RT @MaisVoce_Globo: Olha o #PensamentoDoDia aí, gente!!! #MaisVocÊ ",Negativo
"RT @MaisVoce_Globo: Olha o #PensamentoDoDia aí, gente!!! #MaisVocÊ ",Negativo
"RT @MaisVoce_Globo: Olha o #PensamentoDoDia aí, gente!!! #MaisVocÊ ",Negativo
"RT @MaisVoce_Globo: Olha o #PensamentoDoDia aí, gente!!! #MaisVocÊ ",Negativo
"RT @MaisVoce_Globo: Olha o #PensamentoDoDia aí, gente!!! #MaisVocÊ ",Negativo
"RT @MaisVoce_Globo: Olha o #PensamentoDoDia aí, gente!!! #MaisVocÊ ",Negativo
"RT @MaisVoce_Globo: Olha o #PensamentoDoDia aí, gente!!! #MaisVocÊ ",Negativo
"RT @MaisVoce_Globo: Olha o #PensamentoDoDia aí, gente!!! #MaisVocÊ ",Negativo
"RT @MaisVoce_Globo: Olha o #PensamentoDoDia aí, gente!!! #MaisVocÊ ",Negativo
"RT @MaisVoce_Globo: Olha o #PensamentoDoDia aí, gente!!! #MaisVocÊ ",Negativo
"RT @MaisVoce_Globo: Olha o #PensamentoDoDia aí, gente!!! #MaisVocÊ ",Negativo
"RT @MaisVoce_Globo: Olha o #PensamentoDoDia aí, gente!!! #MaisVocÊ ",Negativo
"RT @MaisVoce_Globo: Olha o #PensamentoDoDia aí, gente!!! #MaisVocÊ ",Negativo
"RT @MaisVoce_Globo: Olha o #PensamentoDoDia aí, gente!!! #MaisVocÊ ",Negativo
RT @ANAMARIABRAGA: Mensagem para começar a quinta-feira! #MaisVocê ,Positivo
"RT @MaisVoce_Globo: Olha o #PensamentoDoDia aí, gente!!! #MaisVocÊ ",Negativo
"RT @MaisVoce_Globo: Olha o #PensamentoDoDia aí, gente!!! #MaisVocÊ ",Negativo
"RT @MaisVoce_Globo: Olha o #PensamentoDoDia aí, gente!!! #MaisVocÊ ",Negativo
RT @SiteCTV: Qual a melhor atração matutina da Globo?  RT= #MaisVocê Fav= #Encontro ,Negativo
Ana Maria Braga divide opiniões com matéria sobre praças de alimentação no #MaisVoce  -&gt;  ,Positivo
"RT @MaisVoce_Globo: Olha o #PensamentoDoDia aí, gente!!! #MaisVocÊ ",Negativo
"RT @MaisVoce_Globo: Olha o #PensamentoDoDia aí, gente!!! #MaisVocÊ ",Negativo
RT @ANAMARIABRAGA: Mensagem para começar a quinta-feira! #MaisVocê ,Positivo
"RT @MaisVoce_Globo: Olha o #PensamentoDoDia aí, gente!!! #MaisVocÊ ",Negativo
apaixonado nesse cozinheiro #maisvoce,Negativo
RT @MaisVoce_Globo: Uma amizade dessas  #MaisVocê #DiaDoAmigo ,Neutro
"RT @MaisVoce_Globo: Olha o #PensamentoDoDia aí, gente!!! #MaisVocÊ ",Negativo
"RT @MaisVoce_Globo: Olha o #PensamentoDoDia aí, gente!!! #MaisVocÊ ",Negativo
@MaisVoce_Globo #RedeGlob #MaisVoce BEIJO NA BUNDA E ATÉ SEGUNDA ,Neutro
"Ok Brasil, meu sonho sempre foi apertar a barriguinha do Louro José #MaisVoce #Encontro #SP1 #RJ1 ",Positivo
"RT @MaisVoce_Globo: Olha o #PensamentoDoDia aí, gente!!! #MaisVocÊ ",Negativo
"RT @MaisVoce_Globo: Olha o #PensamentoDoDia aí, gente!!! #MaisVocÊ ",Negativo
"RT @MaisVoce_Globo: Olha o #PensamentoDoDia aí, gente!!! #MaisVocÊ ",Negativo
"RT @MaisVoce_Globo: Olha o #PensamentoDoDia aí, gente!!! #MaisVocÊ ",Negativo
"RT @MaisVoce_Globo: Olha o #PensamentoDoDia aí, gente!!! #MaisVocÊ ",Negativo
"RT @kkaebsongyixing: Ana Maria Braga primeiro fez uma reportagem lá no Music Bank aqui no Brasil em 2014, meses atrás tocou Monster do EXO…",Negativo
RT @ANAMARIABRAGA: Mensagem para começar a quinta-feira! #MaisVocê ,Positivo
"RT @MaisVoce_Globo: Olha o #PensamentoDoDia aí, gente!!! #MaisVocÊ ",Negativo
Salvador bem representada! Já simpatizei com esse Tiago  #jogodepanelas #MaisVoce,Negativo
"RT @MaisVoce_Globo: Olha o #PensamentoDoDia aí, gente!!! #MaisVocÊ ",Negativo
RT @SiteCTV: Qual a melhor atração matutina da Globo?  RT= #MaisVocê Fav= #Encontro ,Negativo
"RT @MaisVoce_Globo: Olha o #PensamentoDoDia aí, gente!!! #MaisVocÊ ",Negativo
"RT @MaisVoce_Globo: Olha o #PensamentoDoDia aí, gente!!! #MaisVocÊ ",Negativo
"RT @MaisVoce_Globo: Olha o #PensamentoDoDia aí, gente!!! #MaisVocÊ ",Negativo
"RT @MaisVoce_Globo: Olha o #PensamentoDoDia aí, gente!!! #MaisVocÊ ",Negativo
RT @MaisVoce_Globo: Uma amizade dessas  #MaisVocê #DiaDoAmigo ,Neutro
"RT @MaisVoce_Globo: Olha o #PensamentoDoDia aí, gente!!! #MaisVocÊ ",Negativo
"RT @MaisVoce_Globo: Olha o #PensamentoDoDia aí, gente!!! #MaisVocÊ ",Negativo
RT @MaisVoce_Globo: Uma amizade dessas  #MaisVocê #DiaDoAmigo ,Neutro
"RT @MaisVoce_Globo: Olha o #PensamentoDoDia aí, gente!!! #MaisVocÊ ",Negativo
"RT @MaisVoce_Globo: Olha o #PensamentoDoDia aí, gente!!! #MaisVocÊ ",Negativo
"RT @MaisVoce_Globo: Olha o #PensamentoDoDia aí, gente!!! #MaisVocÊ ",Negativo
RT @MaisVoce_Globo: Quem curte K-pop??  #MaisVocê ,Negativo
"RT @MaisVoce_Globo: Olha o #PensamentoDoDia aí, gente!!! #MaisVocÊ ",Negativo
"RT @MaisVoce_Globo: Olha o #PensamentoDoDia aí, gente!!! #MaisVocÊ ",Negativo
"RT @MaisVoce_Globo: Olha o #PensamentoDoDia aí, gente!!! #MaisVocÊ ",Negativo
"RT @MaisVoce_Globo: Olha o #PensamentoDoDia aí, gente!!! #MaisVocÊ ",Negativo
RT @MaisVoce_Globo: Uma amizade dessas  #MaisVocê #DiaDoAmigo ,Neutro
"RT @MaisVoce_Globo: Olha o #PensamentoDoDia aí, gente!!! #MaisVocÊ ",Negativo
"RT @MaisVoce_Globo: Olha o #PensamentoDoDia aí, gente!!! #MaisVocÊ ",Negativo
"RT @MaisVoce_Globo: Olha o #PensamentoDoDia aí, gente!!! #MaisVocÊ ",Negativo
"RT @MaisVoce_Globo: Olha o #PensamentoDoDia aí, gente!!! #MaisVocÊ ",Negativo
"RT @MaisVoce_Globo: Olha o #PensamentoDoDia aí, gente!!! #MaisVocÊ ",Negativo
Não gaste msg com quem não responde. Não gaste palavras com quem não escuta. Não gaste sua vida com quem não te merece! #MaisVoce,Negativo
"RT @MaisVoce_Globo: Olha o #PensamentoDoDia aí, gente!!! #MaisVocÊ ",Negativo
RT @SiteCTV: Qual a melhor atração matutina da Globo?  RT= #MaisVocê Fav= #Encontro ,Negativo
@MaisVoce_Globo O SILÊNCIO NÃO É RESPOSTA E SIM O AMOR PRÓPRIO #RedeGlobo #MaisVoce ,Neutro
RT @SiteCTV: Qual a melhor atração matutina da Globo?  RT= #MaisVocê Fav= #Encontro ,Negativo
RT @MaisVoce_Globo: Uma amizade dessas  #MaisVocê #DiaDoAmigo ,Neutro
RT @TVGloboInter: Pensamento poderoso do dia!  #MaisVocê ,Positivo
"RT @MaisVoce_Globo: Olha o #PensamentoDoDia aí, gente!!! #MaisVocÊ ",Negativo
"RT @MaisVoce_Globo: Olha o #PensamentoDoDia aí, gente!!! #MaisVocÊ ",Negativo
RT @SiteCTV: Qual a melhor atração matutina da Globo?  RT= #MaisVocê Fav= #Encontro ,Negativo
RT @SiteCTV: Qual a melhor atração matutina da Globo?  RT= #MaisVocê Fav= #Encontro ,Negativo
RT @SiteCTV: Qual a melhor atração matutina da Globo?  RT= #MaisVocê Fav= #Encontro ,Negativo
RT @TVGloboInter: Pensamento poderoso do dia!  #MaisVocê ,Positivo
RT @SiteCTV: Qual a melhor atração matutina da Globo?  RT= #MaisVocê Fav= #Encontro ,Negativo
"RT @MaisVoce_Globo: Olha o #PensamentoDoDia aí, gente!!! #MaisVocÊ ",Negativo
RT @MaisVoce_Globo: Uma amizade dessas  #MaisVocê #DiaDoAmigo ,Neutro
"RT @MaisVoce_Globo: Olha o #PensamentoDoDia aí, gente!!! #MaisVocÊ ",Negativo
RT @chimphoria: Não deixem esse vídeo morrer #MaisVoce ,Neutro
Qual a melhor atração matutina da Globo?  RT= #MaisVocê Fav= #Encontro ,Negativo
RT @MaisVoce_Globo: Uma amizade dessas  #MaisVocê #DiaDoAmigo ,Neutro
RT @MaisVoce_Globo: Vem que sextouuu!! #MaisVocê ,Negativo
"RT @MaisVoce_Globo: Olha o #PensamentoDoDia aí, gente!!! #MaisVocÊ ",Negativo
RT @MaisVoce_Globo: Vem que sextouuu!! #MaisVocê ,Negativo
RT @MaisVoce_Globo: Uma amizade dessas  #MaisVocê #DiaDoAmigo ,Neutro
"RT @MaisVoce_Globo: Olha o #PensamentoDoDia aí, gente!!! #MaisVocÊ ",Negativo
RT @TVGloboInter: Pensamento poderoso do dia!  #MaisVocê ,Positivo
RT @MaisVoce_Globo: Uma amizade dessas  #MaisVocê #DiaDoAmigo ,Neutro
"RT @MaisVoce_Globo: Olha o #PensamentoDoDia aí, gente!!! #MaisVocÊ ",Negativo
RT @TVGloboInter: Pensamento poderoso do dia!  #MaisVocê ,Positivo
"RT @MaisVoce_Globo: Até segunda, pessoal!!! #MaisVocê ",Neutro
"RT @fabiogaj: Começou a nova temporada do Jogo de Panelas no #MaisVocê, e dessa vez vai ser com pessoas de Salvador.  Dos 5 participantes,…",Neutro
RT @MaisVoce_Globo: Vem que sextouuu!! #MaisVocê ,Negativo
RT @MaisVoce_Globo: Uma amizade dessas  #MaisVocê #DiaDoAmigo ,Neutro
RT @TVGloboInter: Pensamento poderoso do dia!  #MaisVocê ,Positivo
RT @TVGloboInter: Pensamento poderoso do dia!  #MaisVocê ,Positivo
Pensamento poderoso do dia!  #MaisVocê ,Positivo
"RT @MaisVoce_Globo: Olha o #PensamentoDoDia aí, gente!!! #MaisVocÊ ",Negativo
"RT @MaisVoce_Globo: Olha o #PensamentoDoDia aí, gente!!! #MaisVocÊ ",Negativo
"RT @MaisVoce_Globo: Olha o #PensamentoDoDia aí, gente!!! #MaisVocÊ ",Negativo
"RT @MaisVoce_Globo: Olha o #PensamentoDoDia aí, gente!!! #MaisVocÊ ",Negativo
"RT @MaisVoce_Globo: Olha o #PensamentoDoDia aí, gente!!! #MaisVocÊ ",Negativo
"RT @MaisVoce_Globo: Olha o #PensamentoDoDia aí, gente!!! #MaisVocÊ ",Negativo
"RT @MaisVoce_Globo: Olha o #PensamentoDoDia aí, gente!!! #MaisVocÊ ",Negativo
"RT @MaisVoce_Globo: Olha o #PensamentoDoDia aí, gente!!! #MaisVocÊ ",Negativo
"RT @MaisVoce_Globo: Olha o #PensamentoDoDia aí, gente!!! #MaisVocÊ ",Negativo
"RT @MaisVoce_Globo: Olha o #PensamentoDoDia aí, gente!!! #MaisVocÊ ",Negativo
RT @ANAMARIABRAGA: Mensagem para começar a quinta-feira! #MaisVocê ,Positivo
RT @ANAMARIABRAGA: Que você tenha um lindo dia! Todas essas frases diárias estão aqui:  #MaisVocê ,Negativo
"RT @MaisVoce_Globo: Olha o #PensamentoDoDia aí, gente!!! #MaisVocÊ ",Negativo
RT @MaisVoce_Globo: Uma amizade dessas  #MaisVocê #DiaDoAmigo ,Neutro
"RT @MaisVoce_Globo: Olha o #PensamentoDoDia aí, gente!!! #MaisVocÊ ",Negativo
"RT @MaisVoce_Globo: Calma, pessoal, tem #PensamentoDoDia #MaisVocê ",Negativo
RT @ANAMARIABRAGA: Corre que ainda dá tempo de preparar para o almoço. #MaisVocê Aqui tem o passo a passo:  ,Negativo
RT @MaisVoce_Globo: Essa Torta de Limão Invertida    #MaisVocê #ReceitaMaisVocê ,Negativo
"RT @MaisVoce_Globo: Olha o #PensamentoDoDia aí, gente!!! #MaisVocÊ ",Negativo
"RT @MaisVoce_Globo: Cebolinha, salsinha... tô confusa O_o #MaisVocê ",Neutro
RT @MaisVoce_Globo: Uma saia de fuxico!!! Que linda!! #MaisVocê ,Negativo
RT @MaisVoce_Globo: Canjiquinha.... hum.... #MaisVocê ,Negativo
RT @MaisVoce_Globo: O Tiago tb tá no #JogoDePanelas! #MaisVocê ,Positivo
Peixe bem suculento que vai fazer sucesso aí na sua casa. #MaisVocê  ,Positivo
"RT @MaisVoce_Globo: Olha o #PensamentoDoDia aí, gente!!! #MaisVocÊ ",Negativo
"RT @MaisVoce_Globo: Olha o #PensamentoDoDia aí, gente!!! #MaisVocÊ ",Negativo
"RT @MaisVoce_Globo: Olha o #PensamentoDoDia aí, gente!!! #MaisVocÊ ",Negativo
"RT @MaisVoce_Globo: Olha o #PensamentoDoDia aí, gente!!! #MaisVocÊ ",Negativo
"RT @MaisVoce_Globo: Olha o #PensamentoDoDia aí, gente!!! #MaisVocÊ ",Negativo
"RT @MaisVoce_Globo: Olha o #PensamentoDoDia aí, gente!!! #MaisVocÊ ",Negativo
"RT @MaisVoce_Globo: Olha o #PensamentoDoDia aí, gente!!! #MaisVocÊ ",Negativo
"RT @MaisVoce_Globo: Olha o #PensamentoDoDia aí, gente!!! #MaisVocÊ ",Negativo
"RT @MaisVoce_Globo: Olha o #PensamentoDoDia aí, gente!!! #MaisVocÊ ",Negativo
"RT @MaisVoce_Globo: Olha o #PensamentoDoDia aí, gente!!! #MaisVocÊ ",Negativo
"RT @MaisVoce_Globo: Olha o #PensamentoDoDia aí, gente!!! #MaisVocÊ ",Negativo
"RT @MaisVoce_Globo: Olha o #PensamentoDoDia aí, gente!!! #MaisVocÊ ",Negativo
"RT @MaisVoce_Globo: Olha o #PensamentoDoDia aí, gente!!! #MaisVocÊ ",Negativo
"RT @MaisVoce_Globo: Olha o #PensamentoDoDia aí, gente!!! #MaisVocÊ ",Negativo
RT @MaisVoce_Globo: Uma amizade dessas  #MaisVocê #DiaDoAmigo ,Neutro
"RT @MaisVoce_Globo: Olha o #PensamentoDoDia aí, gente!!! #MaisVocÊ ",Negativo
"RT @MaisVoce_Globo: Olha o #PensamentoDoDia aí, gente!!! #MaisVocÊ ",Negativo
"RT @MaisVoce_Globo: Olha o #PensamentoDoDia aí, gente!!! #MaisVocÊ ",Negativo
"RT @MaisVoce_Globo: Olha o #PensamentoDoDia aí, gente!!! #MaisVocÊ ",Negativo
RT @MaisVoce_Globo: Uma amizade dessas  #MaisVocê #DiaDoAmigo ,Neutro
"RT @MaisVoce_Globo: Olha o #PensamentoDoDia aí, gente!!! #MaisVocÊ ",Negativo
"RT @MaisVoce_Globo: Olha o #PensamentoDoDia aí, gente!!! #MaisVocÊ ",Negativo
RT @ANAMARIABRAGA: Essa foi a primeira aparição pública da família com o terceiro filho. #MaisVocê  ,Negativo
@MaisVoce_Globo O peixe do Mais Você está igual o peixe da Itália pode servir!  #MaisVoce ,Negativo
